date,Sistem (TL),%100 ABD büyükler (TL),XU100,SPY (TL),Dolar (USD/TRY)
2014-01-03,1.0035,1.0104,0.9848,1.0102,1.0104
2014-01-10,1.0143,1.0143,1.0138,1.021,1.0142
2014-01-17,1.0117,1.0279,0.9798,1.0319,1.0279
2014-01-24,1.0245,1.0671,0.9618,1.0435,1.067
2014-01-31,1.0022,1.0547,0.9235,1.0273,1.0547
2014-02-07,1.0019,1.0285,0.9646,1.0102,1.0285
2014-02-14,1.0081,1.0171,0.9686,1.0232,1.017
2014-02-21,1.0184,1.0246,0.9537,1.03,1.0246
2014-02-28,1.0133,1.0301,0.9338,1.049,1.03
2014-03-07,1.006,1.015,0.9419,1.0445,1.0149
2014-03-14,1.0028,1.0405,0.9447,1.0504,1.0405
2014-03-21,0.987,1.0392,0.9641,1.0577,1.0391
2014-03-28,0.972,1.0175,1.0318,1.0317,1.0174
2014-04-04,0.9703,0.9937,1.0836,1.0125,0.9936
2014-04-11,0.9706,0.9832,1.0858,0.9755,0.9831
2014-04-18,0.9824,0.991,1.0969,1.0097,0.9909
2014-04-25,0.9863,0.9885,1.0657,1.0125,0.9942
2014-05-02,1.0109,0.99,1.122,1.0087,0.9811
2014-05-09,1.0082,0.9549,1.128,0.9938,0.9671
2014-05-16,1.008,0.9662,1.1198,1.005,0.9775
2014-05-23,1.0228,1.0013,1.1653,1.009,0.9697
2014-05-30,1.0362,1.0349,1.1837,1.0243,0.9724
2014-06-06,1.0648,1.0479,1.2002,1.0437,0.9772
2014-06-13,1.0511,1.0498,1.1795,1.0439,0.9836
2014-06-20,1.0752,1.0851,1.1704,1.0681,0.9971
2014-06-27,1.0656,1.0731,1.1715,1.0599,0.9901
2014-07-04,1.0868,1.0971,1.1575,1.0741,0.9913
2014-07-11,1.0881,1.0706,1.1848,1.063,0.9889
2014-07-18,1.1193,1.0863,1.2288,1.0775,0.9969
2014-07-25,1.1165,1.0818,1.2573,1.0526,0.9738
2014-08-01,1.1129,1.0755,1.2255,1.0493,0.9971
2014-08-08,1.1139,1.0835,1.1823,1.067,1.01
2014-08-15,1.1215,1.1019,1.1449,1.0728,1.0026
2014-08-22,1.1418,1.14,1.1783,1.1043,1.0141
2014-08-29,1.1528,1.1319,1.199,1.1028,1.005
2014-09-05,1.1735,1.1315,1.227,1.1079,1.0077
2014-09-12,1.1594,1.1317,1.1618,1.1151,1.0243
2014-09-19,1.1836,1.1499,1.1483,1.137,1.0363
2014-09-26,1.1712,1.1623,1.1142,1.139,1.0528
2014-10-03,1.1671,1.1527,1.1105,1.1348,1.0563
2014-10-10,1.1342,1.0883,1.0972,1.1016,1.0576
2014-10-17,1.1408,1.0713,1.1276,1.0853,1.0533
2014-10-24,1.1806,1.128,1.1856,1.1182,1.0413
2014-10-31,1.1865,1.1355,1.2029,1.1292,1.0243
2014-11-07,1.1965,1.1761,1.1638,1.1737,1.0558
2014-11-14,1.2061,1.168,1.2124,1.1665,1.0448
2014-11-21,1.2168,1.1688,1.2433,1.1688,1.0344
2014-11-28,1.2265,1.1824,1.2864,1.1641,1.0277
2014-12-05,1.2404,1.1974,1.2725,1.1831,1.0405
2014-12-12,1.2315,1.1859,1.2424,1.1666,1.0622
2014-12-19,1.2504,1.2418,1.2476,1.2212,1.0817
2014-12-26,1.2762,1.2455,1.2681,1.2305,1.0798
2015-01-02,1.2835,1.2323,1.2758,1.2196,1.086
2015-01-09,1.3199,1.2017,1.3085,1.1956,1.0707
2015-01-16,1.3249,1.1744,1.305,1.1839,1.074
2015-01-23,1.3599,1.2452,1.3546,1.2144,1.0838
2015-01-30,1.371,1.2434,1.3278,1.2271,1.1254
2015-02-06,1.364,1.2713,1.2687,1.2752,1.1348
2015-02-13,1.3836,1.3156,1.281,1.3184,1.1496
2015-02-20,1.3941,1.3256,1.2762,1.3199,1.1429
2015-02-27,1.3875,1.3336,1.2562,1.3438,1.1668
2015-03-06,1.3909,1.3665,1.1989,1.3771,1.214
2015-03-13,1.3646,1.3483,1.1442,1.3557,1.2048
2015-03-20,1.4169,1.384,1.2317,1.3946,1.2124
2015-03-27,1.4017,1.3542,1.2076,1.364,1.2127
2015-04-03,1.4246,1.3465,1.239,1.3611,1.2061
2015-04-10,1.4415,1.3843,1.2338,1.401,1.2201
2015-04-17,1.4274,1.3863,1.2304,1.4198,1.2489
2015-04-24,1.4692,1.4202,1.2772,1.4574,1.2595
2015-05-01,1.4382,1.3396,1.2532,1.4106,1.2378
2015-05-08,1.4629,1.4058,1.2549,1.4487,1.2522
2015-05-15,1.4569,1.3698,1.3078,1.402,1.2072
2015-05-22,1.4677,1.3926,1.2809,1.4055,1.2071
2015-05-29,1.4773,1.4206,1.2388,1.428,1.2371
2015-06-05,1.4734,1.4186,1.2233,1.4259,1.2434
2015-06-12,1.4863,1.4221,1.2022,1.4458,1.2593
2015-06-19,1.5302,1.4629,1.2309,1.4575,1.2647
2015-06-26,1.5301,1.4223,1.2472,1.4183,1.2365
2015-07-03,1.5312,1.417,1.2125,1.417,1.2503
2015-07-10,1.5529,1.416,1.236,1.4132,1.2459
2015-07-17,1.5539,1.4312,1.2359,1.431,1.233
2015-07-24,1.5495,1.4347,1.1751,1.4479,1.2733
2015-07-31,1.5831,1.4811,1.1929,1.4946,1.2988
2015-08-07,1.55,1.4672,1.1708,1.4699,1.293
2015-08-14,1.5552,1.4975,1.1541,1.5058,1.3153
2015-08-21,1.5298,1.4542,1.1017,1.4696,1.3589
2015-08-28,1.533,1.5115,1.1143,1.4767,1.3555
2015-09-04,1.519,1.4761,1.089,1.457,1.3839
2015-09-11,1.5367,1.5526,1.0652,1.5119,1.4057
2015-09-18,1.5569,1.5634,1.1211,1.497,1.401
2015-09-25,1.5631,1.572,1.1138,1.4925,1.4102
2015-10-02,1.553,1.5712,1.1106,1.5022,1.4092
2015-10-09,1.5496,1.5415,1.1826,1.4834,1.3478
2015-10-16,1.5424,1.5432,1.1716,1.4903,1.3411
2015-10-23,1.561,1.5666,1.1961,1.5179,1.338
2015-10-30,1.574,1.6238,1.1855,1.5542,1.3673
2015-11-06,1.5845,1.6111,1.2231,1.5295,1.332
2015-11-13,1.5794,1.5336,1.2223,1.4769,1.3338
2015-11-20,1.6077,1.6194,1.2045,1.5159,1.3248
2015-11-27,1.5972,1.6816,1.1292,1.5629,1.3642
2015-12-04,1.5817,1.6902,1.1087,1.5389,1.3429
2015-12-11,1.5334,1.6413,1.0492,1.5037,1.3624
2015-12-18,1.5576,1.6554,1.0817,1.4901,1.3627
2015-12-25,1.5897,1.6617,1.1075,1.5272,1.3582
2016-01-01,1.5831,1.6625,1.0708,1.5163,1.3605
2016-01-08,1.5645,1.6009,1.0542,1.4667,1.3979
2016-01-15,1.5567,1.5609,1.0609,1.4463,1.4086
2016-01-22,1.5504,1.6038,1.0486,1.4635,1.4051
2016-01-29,1.5975,1.6036,1.097,1.4652,1.3835
2016-02-05,1.5386,1.4244,1.1077,1.3938,1.3565
2016-02-12,1.5055,1.4378,1.059,1.3931,1.3654
2016-02-19,1.5573,1.4951,1.09,1.4513,1.3827
2016-02-26,1.5798,1.5122,1.1186,1.4543,1.3636
2016-03-04,1.5884,1.5225,1.1524,1.4855,1.3557
2016-03-11,1.599,1.518,1.185,1.493,1.3469
2016-03-18,1.6296,1.5177,1.2382,1.4796,1.3242
2016-03-25,1.6459,1.5391,1.2145,1.4876,1.3397
2016-04-01,1.6713,1.5518,1.2295,1.4846,1.3124
2016-04-08,1.7014,1.5567,1.2316,1.4916,1.3342
2016-04-15,1.7045,1.5701,1.2775,1.5082,1.3277
2016-04-22,1.6793,1.5002,1.2813,1.5068,1.319
2016-04-29,1.6678,1.4919,1.2738,1.4773,1.3097
2016-05-06,1.6821,1.5784,1.1699,1.5342,1.3642
2016-05-13,1.6916,1.6216,1.1616,1.5445,1.3798
2016-05-20,1.6634,1.6251,1.1399,1.5639,1.3921
2016-05-27,1.6743,1.6312,1.1649,1.5731,1.3686
2016-06-03,1.6753,1.6417,1.1665,1.579,1.3735
2016-06-10,1.6511,1.6072,1.1478,1.5488,1.3486
2016-06-17,1.6236,1.6026,1.1261,1.541,1.3649
2016-06-24,1.6083,1.5494,1.1251,1.4826,1.3344
2016-07-01,1.6692,1.6059,1.1637,1.5408,1.3426
2016-07-08,1.7028,1.6741,1.1647,1.5885,1.3664
2016-07-15,1.7182,1.6611,1.2365,1.5853,1.3435
2016-07-22,1.6614,1.7908,1.0709,1.6954,1.4276
2016-07-29,1.7045,1.7779,1.1257,1.6647,1.4025
2016-08-05,1.705,1.7873,1.1355,1.6725,1.4022
2016-08-12,1.7269,1.7806,1.1678,1.6467,1.3788
2016-08-19,1.711,1.7341,1.1666,1.6291,1.3635
2016-08-26,1.6712,1.7111,1.1513,1.6234,1.3666
2016-09-02,1.6687,1.7381,1.1478,1.6469,1.3795
2016-09-09,1.6316,1.6832,1.1503,1.6042,1.3758
2016-09-16,1.6385,1.7119,1.1349,1.6119,1.3819
2016-09-23,1.6663,1.7278,1.1906,1.6184,1.3706
2016-09-30,1.6759,1.7709,1.1419,1.6511,1.3963
2016-10-07,1.6573,1.7596,1.1641,1.6662,1.4173
2016-10-14,1.6553,1.7515,1.1578,1.6729,1.4359
2016-10-21,1.6468,1.7427,1.177,1.6676,1.4255
2016-10-28,1.6437,1.7606,1.1694,1.6843,1.4495
2016-11-04,1.5969,1.7237,1.1087,1.6547,1.4513
2016-11-11,1.6836,1.8951,1.1222,1.7902,1.5131
2016-11-18,1.7362,2.0007,1.1292,1.8783,1.5724
2016-11-25,1.7318,2.1023,1.1101,1.9544,1.6139
2016-12-02,1.702,2.0595,1.0956,1.9568,1.6294
2016-12-09,1.7529,2.098,1.1305,1.9905,1.6075
2016-12-16,1.8027,2.1465,1.1583,2.0105,1.6342
2016-12-23,1.8302,2.1816,1.1491,2.0158,1.6336
2016-12-30,1.8762,2.1451,1.1665,2.0027,1.6388
2017-01-06,1.8932,2.2291,1.1511,2.0786,1.6735
2017-01-13,1.9952,2.3533,1.217,2.1764,1.7534
2017-01-20,2.0278,2.3944,1.2401,2.2101,1.783
2017-01-27,2.0661,2.4992,1.2514,2.251,1.7983
2017-02-03,2.1018,2.4012,1.3195,2.1814,1.7399
2017-02-10,2.0923,2.3618,1.3058,2.1724,1.7165
2017-02-17,2.1036,2.341,1.3261,2.1959,1.7086
2017-02-24,2.0692,2.226,1.3176,2.1516,1.6625
2017-03-03,2.1372,2.3713,1.3394,2.2631,1.7363
2017-03-10,2.1674,2.3724,1.3378,2.2843,1.7579
2017-03-17,2.151,2.2975,1.3509,2.1903,1.6903
2017-03-24,2.1467,2.2735,1.3493,2.1639,1.6926
2017-03-31,2.0988,2.3049,1.3279,2.1941,1.7025
2017-04-07,2.1055,2.3028,1.3211,2.2196,1.7263
2017-04-14,2.0577,2.2013,1.3445,2.1721,1.7088
2017-04-21,2.1167,2.2482,1.3798,2.1754,1.6962
2017-04-28,2.1424,2.2549,1.4131,2.1607,1.6601
2017-05-05,2.1514,2.2252,1.4022,2.1696,1.6557
2017-05-12,2.1804,2.3161,1.4182,2.1774,1.6667
2017-05-19,2.1645,2.2811,1.4204,2.1613,1.6698
2017-05-26,2.2063,2.3715,1.456,2.1962,1.662
2017-06-02,2.2152,2.3857,1.476,2.1952,1.6445
2017-06-09,2.2148,2.3811,1.4771,2.189,1.645
2017-06-16,2.1815,2.3203,1.4659,2.171,1.6367
2017-06-23,2.2109,2.4091,1.4875,2.1754,1.6366
2017-06-30,2.2047,2.3305,1.4994,2.1704,1.6419
2017-07-07,2.229,2.4549,1.4941,2.2329,1.687
2017-07-14,2.2889,2.5225,1.5701,2.2303,1.6614
2017-07-21,2.3072,2.5176,1.595,2.2177,1.6431
2017-07-28,2.3143,2.489,1.6078,2.224,1.6477
2017-08-04,2.3013,2.4538,1.6204,2.2303,1.6489
2017-08-11,2.2819,2.4102,1.5968,2.2024,1.6503
2017-08-18,2.3039,2.4363,1.6004,2.1815,1.6441
2017-08-25,2.4001,2.414,1.6385,2.171,1.6238
2017-09-01,2.4166,2.4574,1.6423,2.1779,1.6097
2017-09-08,2.3665,2.402,1.619,2.1371,1.5853
2017-09-15,2.39,2.5142,1.6084,2.1783,1.599
2017-09-22,2.3534,2.6094,1.5544,2.2274,1.6334
2017-09-29,2.3978,2.6592,1.5363,2.2769,1.6578
2017-10-06,2.4398,2.7278,1.5546,2.3239,1.6711
2017-10-13,2.4567,2.818,1.5858,2.3746,1.7037
2017-10-20,2.5068,2.8872,1.6196,2.3918,1.7016
2017-10-27,2.6117,3.0568,1.6106,2.5063,1.779
2017-11-03,2.6795,3.0926,1.6614,2.5009,1.77
2017-11-10,2.7153,3.1567,1.6265,2.5381,1.7988
2017-11-17,2.6502,3.1729,1.586,2.5372,1.7998
2017-11-24,2.6832,3.3046,1.5606,2.6004,1.8269
2017-12-01,2.6296,3.1481,1.546,2.638,1.8247
2017-12-08,2.6508,3.1072,1.6111,2.6138,1.8007
2017-12-15,2.6857,3.1599,1.6321,2.6366,1.8096
2017-12-22,2.6855,3.1097,1.6586,2.6011,1.7786
2017-12-29,2.7017,3.0357,1.7218,2.5671,1.7596
2018-01-05,2.7565,3.2125,1.7412,2.6117,1.7472
2018-01-12,2.7746,3.2959,1.7115,2.6711,1.7581
2018-01-19,2.8331,3.3863,1.719,2.6893,1.7543
2018-01-26,2.9174,3.474,1.8019,2.7443,1.7516
2018-02-02,2.8355,3.273,1.7633,2.6195,1.7395
2018-02-09,2.7308,3.2248,1.6957,2.546,1.7809
2018-02-16,2.8199,3.3281,1.7393,2.6187,1.7539
2018-02-23,2.8754,3.359,1.7544,2.6465,1.7622
2018-03-02,2.8432,3.2778,1.7445,2.6096,1.774
2018-03-09,2.9543,3.4489,1.7454,2.7158,1.7814
2018-03-16,3.0191,3.4706,1.7499,2.7192,1.814
2018-03-23,2.9507,3.3068,1.7407,2.6118,1.8514
2018-03-30,2.9248,3.2963,1.7157,2.644,1.8379
2018-04-06,2.9248,3.2668,1.7129,2.6721,1.8819
2018-04-13,2.925,3.4438,1.6362,2.7783,1.9167
2018-04-20,2.9773,3.4543,1.6561,2.7473,1.8849
2018-04-27,2.8949,3.413,1.6065,2.7604,1.8943
2018-05-04,2.8495,3.6171,1.5317,2.8614,1.9676
2018-05-11,2.8782,3.7826,1.5205,2.9453,1.9745
2018-05-18,2.969,3.9832,1.5288,3.0831,2.0785
2018-05-25,3.0956,4.3465,1.5406,3.2968,2.2158
2018-06-01,3.0046,4.2135,1.4805,3.1553,2.1095
2018-06-08,2.9257,4.2116,1.4313,3.1745,2.0874
2018-06-15,2.9259,4.4222,1.4114,3.3102,2.1724
2018-06-22,2.9544,4.4007,1.4309,3.3134,2.2061
2018-06-29,2.9805,4.2019,1.4409,3.1718,2.1387
2018-07-06,3.0568,4.2676,1.474,3.2299,2.1451
2018-07-13,3.0227,4.6425,1.342,3.4663,2.2678
2018-07-20,3.0701,4.5261,1.4045,3.42,2.2368
2018-07-27,3.1211,4.561,1.4269,3.4907,2.2689
2018-08-03,3.1623,4.7376,1.4273,3.6778,2.3722
2018-08-10,3.279,5.1829,1.4173,4.0041,2.5867
2018-08-17,3.2261,5.3236,1.3247,4.2481,2.726
2018-08-24,3.3149,5.524,1.3463,4.3714,2.7991
2018-08-31,3.7094,6.5584,1.3842,4.9793,3.1374
2018-09-07,3.6752,6.2184,1.3924,4.8227,3.0673
2018-09-14,3.6333,5.9522,1.4146,4.5406,2.8553
2018-09-21,3.7755,5.9988,1.4628,4.6268,2.8985
2018-09-28,3.7203,5.9026,1.4922,4.447,2.798
2018-10-05,3.6135,5.8966,1.4165,4.5344,2.8818
2018-10-12,3.5399,5.4092,1.443,4.1591,2.7569
2018-10-19,3.4564,4.9659,1.4399,3.9653,2.6256
2018-10-26,3.2549,4.7099,1.3517,3.8085,2.6256
2018-11-02,3.267,4.7279,1.4051,3.8259,2.574
2018-11-09,3.2342,4.7554,1.386,3.8606,2.5424
2018-11-16,3.2155,4.5221,1.3976,3.7606,2.513
2018-11-23,3.0249,4.1495,1.3884,3.5526,2.4686
2018-11-30,3.1026,4.3868,1.4244,3.6299,2.4088
2018-12-07,3.0597,4.3109,1.3988,3.5835,2.487
2018-12-14,2.9972,4.2693,1.3515,3.5437,2.4887
2018-12-21,2.9367,3.8282,1.3713,3.2273,2.4526
2018-12-28,2.911,4.0506,1.3501,3.3402,2.4662
2019-01-04,2.9056,4.3189,1.3261,3.5177,2.5495
2019-01-11,2.9821,4.4791,1.3688,3.5781,2.5272
2019-01-18,3.074,4.5477,1.4698,3.6327,2.4938
2019-01-25,3.1017,4.4618,1.5197,3.5667,2.4548
2019-02-01,3.0931,4.5101,1.5367,3.5632,2.4134
2019-02-08,3.1462,4.6276,1.5295,3.6312,2.4558
2019-02-15,3.1813,4.7502,1.5334,3.7272,2.458
2019-02-22,3.255,4.8471,1.5404,3.7815,2.478
2019-03-01,3.2889,4.9127,1.5416,3.8153,2.4887
2019-03-08,3.2477,4.8597,1.5158,3.8167,2.5437
2019-03-15,3.3325,5.0088,1.5422,3.9194,2.5486
2019-03-22,3.1941,5.0529,1.4904,3.8865,2.5458
2019-03-29,3.133,5.1983,1.4001,4.0087,2.5958
2019-04-05,3.207,5.298,1.4747,4.1199,2.6115
2019-04-12,3.1788,5.3399,1.4328,4.2362,2.6706
2019-04-19,3.1769,5.3053,1.446,4.299,2.7115
2019-04-26,3.2404,5.5372,1.415,4.4529,2.776
2019-05-03,3.2369,5.568,1.4025,4.467,2.779
2019-05-10,3.2625,5.6898,1.3217,4.5199,2.8698
2019-05-17,3.1982,5.6231,1.2957,4.4081,2.8209
2019-05-24,3.2238,5.6118,1.2849,4.4059,2.85
2019-05-31,3.226,5.3575,1.3524,4.1453,2.7546
2019-06-07,3.3156,5.5726,1.4004,4.243,2.6982
2019-06-14,3.3452,5.6579,1.3553,4.329,2.7376
2019-06-21,3.3564,5.5928,1.4036,4.3163,2.6855
2019-06-28,3.3356,5.5792,1.4404,4.3073,2.6891
2019-07-05,3.329,5.5425,1.4874,4.2535,2.6069
2019-07-12,3.3654,5.6559,1.4495,4.3555,2.6499
2019-07-19,3.42,5.5618,1.5205,4.2557,2.6195
2019-07-26,3.4616,5.7335,1.5352,4.3832,2.6548
2019-08-02,3.3931,5.5332,1.4881,4.1767,2.6109
2019-08-09,3.3396,5.5633,1.484,4.0737,2.5553
2019-08-16,3.3021,5.5766,1.4292,4.0972,2.5946
2019-08-23,3.3612,5.684,1.4503,4.1848,2.6873
2019-08-30,3.3816,5.9344,1.4439,4.3389,2.7127
2019-09-06,3.4077,5.8438,1.4777,4.3204,2.6515
2019-09-13,3.3811,5.5988,1.5387,4.3408,2.6372
2019-09-20,3.3657,5.7038,1.4964,4.3435,2.6637
2019-09-27,3.4105,5.6074,1.5698,4.2624,2.6394
2019-10-04,3.4429,5.6604,1.5446,4.2691,2.653
2019-10-11,3.3712,5.7838,1.4783,4.409,2.7221
2019-10-18,3.3345,5.7259,1.4692,4.4148,2.7102
2019-10-25,3.3564,5.6735,1.4961,4.4294,2.6864
2019-11-01,3.3671,5.6587,1.4699,4.4529,2.6606
2019-11-08,3.3723,5.5886,1.5399,4.5369,2.6863
2019-11-15,3.5172,5.7826,1.5732,4.5658,2.6786
2019-11-22,3.5076,5.6421,1.5912,4.5122,2.6543
2019-11-29,3.572,5.8153,1.5959,4.6095,2.6826
2019-12-06,3.6797,5.8023,1.6253,4.6076,2.6767
2019-12-13,3.7033,5.9296,1.6493,4.665,2.6892
2019-12-20,3.8062,6.2319,1.6597,4.8525,2.7675
2019-12-27,3.8705,6.2516,1.6971,4.8783,2.7638
2020-01-03,3.8649,6.3579,1.6971,4.8907,2.7747
2020-01-10,3.9189,6.3334,1.7715,4.8757,2.7382
2020-01-17,4.0452,6.44,1.8134,4.9503,2.7279
2020-01-24,4.2244,6.5091,1.8234,4.965,2.7624
2020-01-31,4.2256,6.4349,1.7786,4.8955,2.7833
2020-02-07,4.296,6.6695,1.8066,5.0663,2.7896
2020-02-14,4.3985,6.9634,1.7937,5.1933,2.8139
2020-02-21,4.3268,6.8819,1.7441,5.1832,2.8431
2020-02-28,3.939,6.2364,1.5823,4.6835,2.8917
2020-03-06,3.9803,6.3471,1.6362,4.6235,2.8431
2020-03-13,3.4836,5.9857,1.4272,4.3326,2.9427
2020-03-20,3.2474,5.4499,1.2808,3.812,3.0476
2020-03-27,3.4776,5.8924,1.3156,4.1308,2.9816
2020-04-03,3.509,5.9285,1.3369,4.1925,3.09
2020-04-10,3.9227,6.5973,1.4402,4.7376,3.115
2020-04-17,4.1596,7.2749,1.4657,5.0536,3.225
2020-04-24,4.2603,7.1929,1.4743,5.0134,3.2408
2020-05-01,4.3648,7.1264,1.5094,5.1427,3.2384
2020-05-08,4.5675,7.5485,1.4607,5.2797,3.3024
2020-05-15,4.6741,7.4814,1.4894,5.0496,3.2265
2020-05-22,4.7429,7.3792,1.538,5.1094,3.1634
2020-05-29,4.8483,7.4103,1.5753,5.2793,3.1732
2020-06-05,5.0104,7.2958,1.6425,5.4893,3.1443
2020-06-12,5.2945,7.3439,1.6397,5.296,3.1844
2020-06-19,5.3839,7.7958,1.6961,5.3873,3.1928
2020-06-26,5.4369,7.6208,1.7118,5.237,3.1927
2020-07-03,5.8634,7.9186,1.728,5.4459,3.1905
2020-07-10,5.85,8.2478,1.7139,5.5472,3.195
2020-07-17,6.1735,8.1983,1.7733,5.6176,3.194
2020-07-24,6.2654,8.2441,1.7795,5.5866,3.1847
2020-07-31,6.3537,8.7167,1.6823,5.7517,3.2476
2020-08-07,6.1326,9.3427,1.5833,6.1553,3.3653
2020-08-14,6.1488,9.4183,1.618,6.2904,3.416
2020-08-21,6.2319,9.6179,1.6569,6.3087,3.3993
2020-08-28,6.4212,9.859,1.643,6.5653,3.4255
2020-09-04,6.35,9.5693,1.6217,6.4759,3.4579
2020-09-11,6.4138,9.0755,1.6462,6.3324,3.4674
2020-09-18,6.6156,9.0837,1.6601,6.3538,3.515
2020-09-25,6.9621,9.5458,1.6783,6.3764,3.5481
2020-10-02,7.3675,9.8476,1.7093,6.5909,3.6113
2020-10-09,8.0221,10.5429,1.7402,7.0147,3.6994
2020-10-16,8.1948,10.6252,1.7805,7.0152,3.695
2020-10-23,8.0782,10.3908,1.7774,6.9938,3.6998
2020-10-30,7.5502,10.2412,1.6607,6.9014,3.866
2020-11-06,8.2852,11.3989,1.7795,7.5098,3.923
2020-11-13,7.7556,9.8877,1.9277,7.0064,3.5789
2020-11-20,7.7569,9.6119,1.9765,6.8235,3.5127
2020-11-27,8.034,10.2067,1.9836,7.2905,3.667
2020-12-04,8.1404,10.4176,1.9868,7.3299,3.6252
2020-12-11,8.2235,10.4495,2.0463,7.3576,3.6742
2020-12-18,8.4158,10.5114,2.1024,7.2381,3.5863
2020-12-25,8.5251,10.3239,2.1288,7.1741,3.5563
2021-01-01,8.5633,10.0114,2.2045,7.0218,3.4354
2021-01-08,8.9418,10.1138,2.2999,7.1146,3.4134
2021-01-15,8.8774,9.8703,2.2759,7.0487,3.4318
2021-01-22,9.2634,10.2994,2.3027,7.183,3.4317
2021-01-29,8.9991,9.7402,2.1997,6.9239,3.4224
2021-02-05,9.3845,10.1039,2.2799,7.0437,3.3232
2021-02-12,9.6454,10.1818,2.2966,7.0243,3.2724
2021-02-19,9.9602,10.0778,2.3293,6.9196,3.2452
2021-02-26,9.5608,9.9684,2.1966,7.0944,3.4118
2021-03-05,9.5569,9.9705,2.302,7.337,3.4984
2021-03-12,9.7217,10.3757,2.325,7.5025,3.4826
2021-03-19,9.4339,9.9911,2.2826,7.2617,3.4105
2021-03-26,9.3758,10.3238,2.0634,8.016,3.7029
2021-04-02,9.8867,11.0165,2.1297,8.4096,3.8399
2021-04-09,9.9027,11.0436,2.0798,8.5203,3.7875
2021-04-16,9.9127,11.0605,2.1021,8.5327,3.7406
2021-04-23,9.4152,10.9869,2.0082,8.6,3.8157
2021-04-30,9.8078,11.1136,2.0867,8.6994,3.8133
2021-05-07,10.1035,11.5435,2.1517,8.8986,3.8561
2021-05-14,9.8578,10.848,2.1517,8.5596,3.862
2021-05-21,10.0282,11.3825,2.1673,8.8451,3.8992
2021-05-28,10.0048,12.0341,2.123,9.0748,3.9519
2021-06-04,10.0675,12.4652,2.1391,9.3717,4.0565
2021-06-11,9.7545,11.7015,2.1809,9.1052,3.9253
2021-06-18,9.3734,11.497,2.0767,9.2084,4.0596
2021-06-25,9.5534,12.0033,2.0779,9.4503,4.052
2021-07-02,9.6627,12.0693,2.0552,9.5716,4.0368
2021-07-09,9.7721,12.0098,2.0576,9.6305,4.0449
2021-07-16,9.5936,11.4564,2.0352,9.405,3.9884
2021-07-23,9.5043,11.2614,2.0177,9.2351,3.9751
2021-07-30,9.9264,11.7883,2.0794,9.4402,3.9379
2021-08-06,10.1435,12.0628,2.1419,9.6085,3.972
2021-08-13,10.3544,12.1473,2.1611,9.7234,3.9886
2021-08-20,10.172,11.4295,2.1566,9.6333,3.9745
2021-08-27,10.2512,11.7301,2.1769,9.6059,3.9025
2021-09-03,10.2547,11.4248,2.1926,9.5546,3.8574
2021-09-10,10.3144,11.6162,2.1478,9.5759,3.9324
2021-09-17,10.1401,11.5948,2.119,9.5887,3.9736
2021-09-24,10.2183,11.9444,2.0672,9.9003,4.0796
2021-10-01,10.074,11.648,2.0922,9.8269,4.1395
2021-10-08,10.0517,11.6584,2.087,9.8931,4.1329
2021-10-15,10.2966,12.41,2.1043,10.4365,4.2816
2021-10-22,10.8187,12.9445,2.2093,10.9998,4.4405
2021-10-29,11.116,13.0675,2.2721,11.0964,4.4287
2021-11-05,11.3046,13.1245,2.3641,11.5683,4.5164
2021-11-12,11.5848,13.3325,2.446,11.8072,4.6221
2021-11-19,12.3222,14.445,2.5935,13.1812,5.1422
2021-11-26,13.1623,15.8557,2.6519,14.0096,5.5834
2021-12-03,14.5124,17.614,2.8519,15.8413,6.3907
2021-12-10,15.2965,18.1774,3.0387,16.5138,6.4169
2021-12-17,16.0591,20.0271,3.1119,18.3432,7.2963
2021-12-24,13.4119,14.9796,2.8234,13.6802,5.3174
2021-12-31,14.3317,17.4481,2.7733,16.0778,6.192
2022-01-07,14.6111,17.6219,3.0354,16.3611,6.421
2022-01-14,14.6486,17.4088,3.0945,16.077,6.3281
2022-01-21,14.1636,15.6235,3.0024,14.8979,6.222
2022-01-28,14.1444,16.0923,2.9606,15.3286,6.3444
2022-02-04,14.3425,16.4078,2.9018,15.504,6.3204
2022-02-11,14.4982,15.8901,3.062,15.1406,6.2878
2022-02-18,14.5086,15.6074,3.0341,14.9558,6.3001
2022-02-25,14.4481,16.3742,2.9146,15.6684,6.5472
2022-03-04,14.5766,16.4558,2.972,15.5352,6.5754
2022-03-11,14.7649,17.0287,3.0662,15.8754,6.913
2022-03-18,15.2248,18.0453,3.2011,16.6469,6.8502
2022-03-25,15.531,18.4894,3.2477,17.1059,6.912
2022-04-01,15.6549,17.7884,3.3615,16.9187,6.8329
2022-04-08,16.4477,18.1204,3.573,16.8186,6.8737
2022-04-15,16.8024,17.4934,3.7238,16.305,6.8127
2022-04-22,16.5085,16.5895,3.6911,15.9556,6.8505
2022-04-29,16.2153,16.2007,3.6285,15.5189,6.8901
2022-05-06,16.4971,17.3357,3.6705,15.5739,6.9256
2022-05-13,16.6432,17.4561,3.6115,15.7639,7.178
2022-05-20,16.3175,17.4689,3.5416,15.7816,7.409
2022-05-27,17.2981,19.4135,3.6408,17.3041,7.6224
2022-06-03,17.9033,19.493,3.8834,17.2359,7.6796
2022-06-10,17.8202,19.6507,3.7965,17.1158,8.0319
2022-06-17,17.1859,17.2347,3.7818,16.1177,8.0584
2022-06-24,17.7243,17.439,3.8129,17.2337,8.0814
2022-07-01,16.9735,16.7165,3.6482,16.2081,7.7767
2022-07-08,17.0818,17.1038,3.6336,17.0853,8.0409
2022-07-15,16.9177,16.5793,3.5566,16.7589,8.1118
2022-07-22,17.6106,17.9148,3.7569,17.832,8.2559
2022-07-29,18.8222,19.8179,3.8701,18.8306,8.3606
2022-08-05,19.0634,18.6807,4.1061,18.8945,8.359
2022-08-12,20.054,20.0591,4.276,19.5254,8.3624
2022-08-19,20.9476,20.6223,4.5087,19.4359,8.4219
2022-08-26,20.9955,21.017,4.6967,18.753,8.4634
2022-09-02,21.0392,20.4096,4.811,18.1895,8.4826
2022-09-09,21.5277,20.6201,5.2569,18.8882,8.4973
2022-09-16,21.5458,20.1061,5.0418,17.9447,8.5134
2022-09-23,21.3339,18.7403,4.8989,17.1858,8.5436
2022-09-30,21.3696,19.2557,4.7473,16.8278,8.6179
2022-10-07,23.6878,21.2821,5.3259,17.164,8.6542
2022-10-14,24.2649,20.8518,5.4146,16.8995,8.6437
2022-10-21,25.782,22.3792,5.8738,17.718,8.659
2022-10-28,26.5459,23.1137,5.7908,18.4383,8.6698
2022-11-04,27.7182,23.0351,6.2954,17.8381,8.67
2022-11-11,28.2765,23.2564,6.6514,18.7599,8.611
2022-11-18,28.6136,23.2516,6.7577,18.7608,8.6653
2022-11-25,30.4057,23.3273,7.2766,19.0875,8.6782
2022-12-02,31.48,23.0196,7.409,19.3108,8.6809
2022-12-09,30.947,21.4007,7.4722,18.6699,8.6836
2022-12-16,31.1517,21.5727,7.7842,18.2006,8.6865
2022-12-23,32.1194,22.4233,8.1432,18.2079,8.6981
2022-12-30,32.0975,22.5152,8.2244,18.2176,8.7137
2023-01-06,31.2281,22.4901,7.9748,18.5496,8.7433
2023-01-13,30.3986,23.1617,7.4417,19.06,8.7489
2023-01-20,31.192,23.3197,8.1962,18.9488,8.7555
2023-01-27,30.7747,23.465,7.7506,19.4362,8.7637
2023-02-03,29.6351,22.2444,7.4607,19.7503,8.7613
2023-02-10,27.8258,22.6317,6.7258,19.6964,8.7736
2023-02-17,29.3925,22.4757,7.5043,19.5579,8.7844
2023-02-24,29.6058,22.2897,7.552,19.0437,8.7882
2023-03-03,30.5815,22.6987,7.7814,19.4423,8.7988
2023-03-10,30.3401,21.8544,8.0384,18.628,8.8296
2023-03-17,29.8422,21.1609,7.6679,18.8747,8.853
2023-03-24,29.637,21.5147,7.512,19.2092,8.8787
2023-03-31,30.3891,22.6686,7.185,19.9948,8.9339
2023-04-07,29.9112,22.3601,7.3517,20.0632,8.9688
2023-04-14,30.7553,22.8893,7.603,20.3122,9.0082
2023-04-21,30.8647,22.6963,7.4826,20.3498,9.0376
2023-04-28,30.0004,22.4556,6.8938,20.5894,9.0549
2023-05-05,29.3489,22.0283,6.5698,20.4804,9.079
2023-05-12,30.329,22.0641,7.1591,20.5112,9.1156
2023-05-19,30.7046,23.2288,6.7204,21.104,9.2082
2023-05-26,30.3246,24.0174,6.8383,21.3684,9.306
2023-06-02,32.4847,25.4442,7.6359,22.7684,9.7327
2023-06-09,35.9386,28.7539,8.3995,25.73,10.948
2023-06-16,36.7648,29.8218,8.1741,26.4724,11.0188
2023-06-23,37.6595,30.7967,8.3343,27.4578,11.5939
2023-06-30,39.401,32.2946,8.5975,28.8397,12.0947
2023-07-07,40.6104,32.7289,9.2364,29.1866,12.1738
2023-07-14,41.709,33.6494,9.6105,29.8176,12.14
2023-07-21,43.8917,34.4609,9.9839,30.9237,12.5096
2023-07-28,45.0847,34.6883,10.5504,31.3697,12.5583
2023-08-04,46.0252,34.463,11.048,30.6848,12.5621
2023-08-11,47.0278,34.0989,11.5165,30.705,12.6031
2023-08-18,46.3645,33.6993,11.2163,30.1566,12.6374
2023-08-25,45.8768,32.7971,11.5199,29.0296,12.0692
2023-09-01,48.6535,34.8834,12.0266,30.6692,12.4338
2023-09-08,49.9225,34.9923,12.4285,30.4769,12.5131
2023-09-15,48.9442,34.0814,11.8861,30.4273,12.5533
2023-09-22,49.234,33.0883,12.0014,29.7144,12.628
2023-09-29,50.8652,33.5665,12.4428,29.897,12.793
2023-10-06,52.1369,34.3873,12.6369,30.1764,12.8506
2023-10-13,50.3932,34.7445,12.112,30.5995,12.9716
2023-10-20,47.9644,33.4531,11.2124,30.0636,13.0564
2023-10-27,47.9748,32.7701,11.5045,29.4624,13.1228
2023-11-03,49.5382,35.1919,11.5039,31.3977,13.2123
2023-11-10,51.3227,37.5144,11.6014,32.0126,13.2901
2023-11-17,51.7764,38.3694,11.724,32.9544,13.3721
2023-11-24,52.3721,38.8267,11.8831,33.445,13.4368
2023-12-01,52.1919,38.445,11.9821,33.7776,13.4581
2023-12-08,52.3578,38.9368,11.8141,33.887,13.4694
2023-12-15,53.0311,39.9943,11.9337,34.6381,13.5001
2023-12-22,52.1994,40.5344,11.2824,35.1101,13.5592
2023-12-29,52.545,41.14,11.1519,35.737,13.7532
2024-01-05,51.9028,40.3514,11.3885,35.5641,13.9028
2024-01-12,54.2337,43.1435,11.9227,36.497,14.0053
2024-01-19,55.9347,44.6424,11.9379,37.0511,14.0485
2024-01-26,57.4019,45.0906,12.4598,37.612,14.1154
2024-02-02,60.051,47.7528,12.9366,38.331,14.1833
2024-02-09,62.3441,50.0049,13.5044,39.1499,14.2883
2024-02-16,63.5319,50.6541,13.8095,39.2044,14.3566
2024-02-23,64.3971,50.8476,13.9943,40.1933,14.477
2024-03-01,65.5438,53.6925,13.5808,40.858,14.573
2024-03-08,66.8486,54.2936,13.6675,41.6201,14.8776
2024-03-15,65.5114,53.0174,13.18,41.8038,14.9986
2024-03-22,67.1927,55.0139,13.6021,42.6884,14.9816
2024-03-29,66.4758,54.3813,13.6483,43.2305,15.1179
2024-04-05,68.198,54.5057,14.3595,42.1814,14.8831
2024-04-12,68.5684,53.8483,14.6512,42.5336,14.9816
2024-04-19,66.351,49.669,14.471,41.0679,15.1711
2024-04-26,68.8436,52.4712,14.8025,42.1181,15.1581
2024-05-03,69.2552,51.8685,15.3419,42.1973,15.0966
2024-05-10,70.4277,52.9558,15.2549,42.826,15.0406
2024-05-17,72.5114,53.7581,15.8893,43.5067,15.0312
2024-05-24,73.6557,55.7672,15.9388,43.4508,15.0121
2024-05-31,72.55,54.2638,15.5264,43.3102,15.0223
2024-06-07,72.086,54.3497,15.136,43.9167,15.0432
2024-06-14,73.8578,57.3167,15.6321,44.9162,15.137
2024-06-21,75.6619,58.5909,16.0801,45.5301,15.2951
2024-06-28,74.7451,57.385,15.8958,45.5866,15.3223
2024-07-05,74.6157,58.2414,16.2002,46.1066,15.2059
2024-07-12,76.594,59.963,16.5183,46.9949,15.3508
2024-07-19,74.4991,54.8662,16.6546,46.2663,15.4156
2024-07-26,72.2264,52.7357,16.2593,45.9222,15.4289
2024-08-02,70.1588,50.6351,15.6354,45.0069,15.4488
2024-08-09,70.2509,53.7407,14.7903,45.5213,15.6227
2024-08-16,72.1355,57.4672,14.6628,47.4912,15.6719
2024-08-23,71.6988,58.9686,14.4331,48.6184,15.8207
2024-08-30,72.8222,57.3373,14.6795,48.5501,15.9054
2024-09-06,71.5562,52.8806,14.587,46.7734,15.8335
2024-09-13,73.0848,57.2591,14.459,48.6325,15.8286
2024-09-20,74.8931,59.609,14.7797,49.325,15.8777
2024-09-27,74.11,59.6768,14.5964,49.7434,15.9222
2024-10-04,72.7592,61.3456,13.5989,49.9498,15.9461
2024-10-11,72.1812,62.533,13.2509,50.5629,15.958
2024-10-18,72.6376,62.9862,13.1276,50.9104,15.93
2024-10-25,72.1726,61.7014,13.2991,50.5679,15.9745
2024-11-01,71.5118,60.2613,13.264,49.8781,15.9773
2024-11-08,75.5377,63.8457,13.7116,52.32,15.9989
2024-11-15,75.565,61.9911,14.0173,51.1673,15.9787
2024-11-22,79.9727,65.8011,14.2566,52.3694,16.0861
2024-11-29,81.1677,66.0445,14.409,53.1746,16.1425
2024-12-06,82.6879,66.5397,15.0495,53.8221,16.1977
2024-12-13,82.5689,65.2249,15.1159,53.78,16.2815
2024-12-20,81.6534,64.7068,14.5173,52.9082,16.3714
2024-12-27,81.3856,65.097,14.9666,53.3971,16.4155
2025-01-03,82.8841,67.0537,15.0408,53.3606,16.4891
2025-01-10,83.5484,65.2075,14.7951,52.3104,16.4837
2025-01-17,86.113,67.9065,14.8955,54.1024,16.5608
2025-01-24,87.9004,72.426,15.0851,55.2415,16.6205
2025-01-31,86.8267,70.6048,14.9351,54.9567,16.7038
2025-02-07,88.8847,73.6444,14.8564,55.0177,16.7516
2025-02-14,89.4497,75.3521,14.7458,56.2093,16.8637
2025-02-21,87.0692,70.3197,14.3347,55.5989,16.9519
2025-02-28,88.3535,67.4462,14.419,55.2651,17.0135
2025-03-07,87.6973,61.8516,15.6856,53.5226,16.9995
2025-03-14,90.257,61.0678,16.1834,52.5793,17.0889
2025-03-21,83.0838,65.0177,13.5023,54.5076,17.6789
2025-03-28,85.8884,62.9852,14.4202,53.7847,17.7056
2025-04-04,81.3064,56.4848,14.0027,48.9113,17.7067
2025-04-11,83.4068,60.7852,14.0045,51.7262,17.7206
2025-04-18,85.0712,62.54,13.9092,51.1413,17.7709
2025-04-25,87.9211,65.2846,14.0815,53.8762,17.8974
2025-05-02,90.4185,68.6514,13.6859,55.6604,17.9642
2025-05-09,91.0316,67.5373,14.0186,55.6615,18.0416
2025-05-16,93.3087,69.7169,14.4335,58.7757,18.0936
2025-05-23,92.4443,69.6897,13.9671,57.5738,18.1855
2025-05-30,92.7905,71.3577,13.4649,58.8587,18.2671
2025-06-06,93.8316,71.0946,14.1621,59.3087,18.2931
2025-06-13,94.18,71.9444,13.9013,59.9032,18.3543
2025-06-20,93.1576,72.6051,13.7393,60.0361,18.4792
2025-06-27,95.5579,75.1929,14.0401,62.4187,18.568
2025-07-04,96.5885,75.4043,15.3403,63.4238,18.5523
2025-07-11,95.6547,75.6848,15.4637,63.787,18.71
2025-07-18,97.9715,76.7496,15.4752,64.4748,18.7924
2025-07-25,99.9724,78.0766,15.8878,65.7774,18.8856
2025-08-01,100.2737,76.9572,16.0437,64.3903,18.9447
2025-08-08,103.7853,79.2755,16.3805,65.9804,18.9415
2025-08-15,101.2035,78.0906,16.2282,66.9415,19.0304
2025-08-22,102.7389,77.7591,16.9772,67.4002,19.1053
2025-08-29,103.1465,77.7912,16.8515,67.5913,19.1672
2025-09-05,102.7562,77.4153,16.0176,67.9972,19.2171
2025-09-12,102.1158,82.1153,15.4839,69.2252,19.2615
2025-09-19,105.4193,84.4113,16.861,69.9795,19.2868
2025-09-26,104.2995,83.027,16.6471,70.0625,19.3645
2025-10-03,101.9001,82.7135,16.2102,70.9774,19.4008
2025-10-10,103.0939,81.646,16.004,69.5608,19.4849
2025-10-17,100.9295,82.2686,15.2402,70.8968,19.5193
2025-10-24,103.0036,84.1453,16.3345,72.5017,19.5821
2025-10-31,105.2898,87.3253,16.3788,73.0091,19.5801
2025-11-07,105.3997,84.7746,16.3087,72.0577,19.6444
2025-11-14,103.2539,81.7679,15.773,72.367,19.7005
2025-11-21,102.6299,76.1556,16.3063,71.2353,19.772
2025-11-28,103.7428,84.5913,16.2702,73.9492,19.7937
2025-12-05,107.7509,86.6123,16.4324,74.2243,19.8006
2025-12-12,108.6847,86.981,16.8861,74.0286,19.8623
2025-12-19,110.3643,90.5957,16.9318,74.1666,19.9335
2025-12-26,110.7479,92.1045,16.8609,75.3475,19.9658
2026-01-02,110.5205,93.0422,17.1654,74.8109,20.0307
2026-01-09,116.2526,99.5005,18.2143,76.243,20.0936
2026-01-16,122.9994,104.3741,18.9122,76.2307,20.1604
2026-01-23,125.5441,106.7696,19.3962,76.0817,20.1919
2026-01-30,130.0418,107.4671,20.6586,76.5872,20.2456
2026-02-06,129.462,107.8002,20.1864,76.709,20.3174
2026-02-13,134.703,110.4179,21.1697,75.9301,20.3728
2026-02-20,133.8826,112.5872,20.8016,76.979,20.4241
2026-02-27,133.0619,111.8659,20.4787,76.7995,20.4787
2026-03-06,125.9335,99.9458,19.0978,75.4093,20.515
2026-03-13,131.0504,105.7715,19.5458,74.5341,20.5858
2026-03-20,133.7446,112.6229,19.4783,74.4784,20.6481
2026-03-27,130.7563,105.5884,18.9566,71.7968,20.7117
2026-04-03,137.2348,113.5028,19.3122,74.4258,20.7584
2026-04-10,150.0269,130.2097,21.0101,77.2499,20.7967
2026-04-17,155.2057,135.7117,21.7776,81.1185,20.8948
2026-04-24,160.3114,142.3374,21.5107,81.7841,20.9541
2026-05-01,161.8143,143.8177,21.5607,82.6729,21.0427
2026-05-08,167.7396,160.7428,22.4864,84.9625,21.0696
2026-05-15,167.1566,164.0143,21.4487,85.7402,21.2179
2026-05-22,165.2148,167.2453,20.6136,86.817,21.2979
2026-05-29,167.6901,176.6249,20.3966,87.7445,21.3835
2026-06-05,165.9884,167.9515,20.4434,86.5337,21.4612
2026-06-12,168.1712,181.4964,20.8081,87.3597,21.5434
2026-06-19,175.106,200.0788,21.9965,88.288,21.6269
2026-06-26,174.2329,192.0166,21.309,86.4854,21.7011
2026-07-03,172.9322,173.4345,21.5238,88.6322,21.7683
2026-07-10,176.2985,179.7655,21.3795,90.2736,21.8728
2026-07-17,171.8684,154.9662,20.8717,89.1716,21.9447
2026-07-24,171.8668,158.7562,20.8162,89.0526,22.0447
2026-07-31,169.625,154.1888,20.091,90.3801,22.1307
2026-08-07,172.7383,159.5662,20.5706,93.8655,22.2045
2026-08-14,175.5134,174.697,21.1572,94.6742,22.307
2026-08-21,172.2348,162.7401,21.6685,93.6968,22.3829
2026-08-28,173.3033,158.6959,21.8578,94.0459,22.3603
2026-09-04,166.8544,165.1938,20.9185,95.0035,22.5633
2026-09-11,168.2506,167.4852,21.5976,94.5915,22.6389
2026-09-18,157.8396,172.5668,19.8317,94.6268,22.7246
2026-09-25,154.7398,180.664,19.2569,96.1672,22.8053
2026-10-02,153.4244,184.5528,18.286,95.405,22.8327
