risk_bin,n,pred_harmful_mean,harmful_rate_pct,temporary_rate_pct,win_rate_pct,mean_ret_pct,mean_loss_pct,tail_harmful_rate_pct
0,832,0.22195805753485043,17.067307692307693,15.264423076923078,58.894230769230774,5.608846153846154,-9.070730994152047,11.298076923076923
1,585,0.28545496559734646,19.82905982905983,15.897435897435896,58.2905982905983,3.4825470085470083,-8.125901639344264,12.82051282051282
2,528,0.3048667711477055,17.992424242424242,15.909090909090908,60.416666666666664,4.014943181818182,-7.3621531100478474,10.795454545454545
3,425,0.3177244041126093,24.941176470588236,18.823529411764707,55.76470588235294,3.6604470588235296,-7.221489361702127,14.823529411764705
4,344,0.3283030276225747,23.25581395348837,18.023255813953487,56.395348837209305,2.9062790697674417,-7.8807333333333345,13.953488372093023
5,346,0.33774246794996576,25.43352601156069,17.91907514450867,54.6242774566474,1.7744797687861273,-7.938789808917198,17.052023121387283
6,306,0.34716528649064665,23.52941176470588,16.99346405228758,55.55555555555556,2.530261437908497,-8.264558823529413,14.37908496732026
7,334,0.3577582314419323,24.550898203592812,20.65868263473054,57.48502994011976,2.579251497005988,-7.6311267605633795,14.97005988023952
8,376,0.3729302393512157,26.329787234042552,23.93617021276596,56.11702127659575,3.5692819148936175,-8.389939393939395,16.48936170212766
9,686,0.4387983658067847,28.57142857142857,18.950437317784257,53.498542274052475,3.3220991253644314,-12.32319749216301,17.63848396501458
